1101,2020-12-16 00:01:31.687247+00,2020-12-16 00:01:31.68736+00,,0,KABUPATEN SIMEULUE,,,11,
1102,2020-12-16 00:01:31.697636+00,2020-12-16 00:01:31.697678+00,,0,KABUPATEN ACEH SINGKIL,,,11,
1103,2020-12-16 00:01:31.702028+00,2020-12-16 00:01:31.702079+00,,0,KABUPATEN ACEH SELATAN,,,11,
1104,2020-12-16 00:01:31.706067+00,2020-12-16 00:01:31.706085+00,,0,KABUPATEN ACEH TENGGARA,,,11,
1105,2020-12-16 00:01:31.70918+00,2020-12-16 00:01:31.709197+00,,0,KABUPATEN ACEH TIMUR,,,11,
1106,2020-12-16 00:01:31.712437+00,2020-12-16 00:01:31.712472+00,,0,KABUPATEN ACEH TENGAH,,,11,
1107,2020-12-16 00:01:31.716211+00,2020-12-16 00:01:31.716226+00,,0,KABUPATEN ACEH BARAT,,,11,
1108,2020-12-16 00:01:31.718783+00,2020-12-16 00:01:31.718796+00,,0,KABUPATEN ACEH BESAR,,,11,
1109,2020-12-16 00:01:31.721453+00,2020-12-16 00:01:31.721474+00,,0,KABUPATEN PIDIE,,,11,
1110,2020-12-16 00:01:31.724149+00,2020-12-16 00:01:31.724167+00,,0,KABUPATEN BIREUEN,,,11,
1111,2020-12-16 00:01:31.726981+00,2020-12-16 00:01:31.726997+00,,0,KABUPATEN ACEH UTARA,,,11,
1112,2020-12-16 00:01:31.729588+00,2020-12-16 00:01:31.729603+00,,0,KABUPATEN ACEH BARAT DAYA,,,11,
1113,2020-12-16 00:01:31.732184+00,2020-12-16 00:01:31.732199+00,,0,KABUPATEN GAYO LUES,,,11,
1114,2020-12-16 00:01:31.734771+00,2020-12-16 00:01:31.734787+00,,0,KABUPATEN ACEH TAMIANG,,,11,
1115,2020-12-16 00:01:31.737424+00,2020-12-16 00:01:31.737439+00,,0,KABUPATEN NAGAN RAYA,,,11,
1116,2020-12-16 00:01:31.740725+00,2020-12-16 00:01:31.740743+00,,0,KABUPATEN ACEH JAYA,,,11,
1117,2020-12-16 00:01:31.744114+00,2020-12-16 00:01:31.744147+00,,0,KABUPATEN BENER MERIAH,,,11,
1118,2020-12-16 00:01:31.747292+00,2020-12-16 00:01:31.747319+00,,0,KABUPATEN PIDIE JAYA,,,11,
1171,2020-12-16 00:01:31.750339+00,2020-12-16 00:01:31.750365+00,,0,KOTA BANDA ACEH,,,11,
1172,2020-12-16 00:01:31.753382+00,2020-12-16 00:01:31.753409+00,,0,KOTA SABANG,,,11,
1173,2020-12-16 00:01:31.756011+00,2020-12-16 00:01:31.756024+00,,0,KOTA LANGSA,,,11,
1174,2020-12-16 00:01:31.75843+00,2020-12-16 00:01:31.758443+00,,0,KOTA LHOKSEUMAWE,,,11,
1175,2020-12-16 00:01:31.760903+00,2020-12-16 00:01:31.760917+00,,0,KOTA SUBULUSSALAM,,,11,
1201,2020-12-16 00:01:31.763352+00,2020-12-16 00:01:31.763366+00,,0,KABUPATEN NIAS,,,12,
1202,2020-12-16 00:01:31.765776+00,2020-12-16 00:01:31.76579+00,,0,KABUPATEN MANDAILING NATAL,,,12,
1203,2020-12-16 00:01:31.768112+00,2020-12-16 00:01:31.768125+00,,0,KABUPATEN TAPANULI SELATAN,,,12,
1204,2020-12-16 00:01:31.770371+00,2020-12-16 00:01:31.770383+00,,0,KABUPATEN TAPANULI TENGAH,,,12,
1205,2020-12-16 00:01:31.772668+00,2020-12-16 00:01:31.772681+00,,0,KABUPATEN TAPANULI UTARA,,,12,
1206,2020-12-16 00:01:31.77494+00,2020-12-16 00:01:31.774953+00,,0,KABUPATEN TOBA SAMOSIR,,,12,
1207,2020-12-16 00:01:31.778592+00,2020-12-16 00:01:31.778632+00,,0,KABUPATEN LABUHAN BATU,,,12,
1208,2020-12-16 00:01:31.782491+00,2020-12-16 00:01:31.782531+00,,0,KABUPATEN ASAHAN,,,12,
1209,2020-12-16 00:01:31.786131+00,2020-12-16 00:01:31.786146+00,,0,KABUPATEN SIMALUNGUN,,,12,
1210,2020-12-16 00:01:31.788771+00,2020-12-16 00:01:31.788787+00,,0,KABUPATEN DAIRI,,,12,
1211,2020-12-16 00:01:31.791443+00,2020-12-16 00:01:31.791458+00,,0,KABUPATEN KARO,,,12,
1212,2020-12-16 00:01:31.794225+00,2020-12-16 00:01:31.79424+00,,0,KABUPATEN DELI SERDANG,,,12,
1213,2020-12-16 00:01:31.796874+00,2020-12-16 00:01:31.796889+00,,0,KABUPATEN LANGKAT,,,12,
1214,2020-12-16 00:01:31.799565+00,2020-12-16 00:01:31.79958+00,,0,KABUPATEN NIAS SELATAN,,,12,
1215,2020-12-16 00:01:31.802118+00,2020-12-16 00:01:31.802134+00,,0,KABUPATEN HUMBANG HASUNDUTAN,,,12,
1216,2020-12-16 00:01:31.804775+00,2020-12-16 00:01:31.804791+00,,0,KABUPATEN PAKPAK BHARAT,,,12,
1217,2020-12-16 00:01:31.807357+00,2020-12-16 00:01:31.807373+00,,0,KABUPATEN SAMOSIR,,,12,
1218,2020-12-16 00:01:31.80997+00,2020-12-16 00:01:31.809985+00,,0,KABUPATEN SERDANG BEDAGAI,,,12,
1219,2020-12-16 00:01:31.812658+00,2020-12-16 00:01:31.812673+00,,0,KABUPATEN BATU BARA,,,12,
1220,2020-12-16 00:01:31.815352+00,2020-12-16 00:01:31.815368+00,,0,KABUPATEN PADANG LAWAS UTARA,,,12,
1221,2020-12-16 00:01:31.81792+00,2020-12-16 00:01:31.817935+00,,0,KABUPATEN PADANG LAWAS,,,12,
1222,2020-12-16 00:01:31.82048+00,2020-12-16 00:01:31.820495+00,,0,KABUPATEN LABUHAN BATU SELATAN,,,12,
1223,2020-12-16 00:01:31.822914+00,2020-12-16 00:01:31.822929+00,,0,KABUPATEN LABUHAN BATU UTARA,,,12,
1224,2020-12-16 00:01:31.82542+00,2020-12-16 00:01:31.825435+00,,0,KABUPATEN NIAS UTARA,,,12,
1225,2020-12-16 00:01:31.827965+00,2020-12-16 00:01:31.827979+00,,0,KABUPATEN NIAS BARAT,,,12,
1271,2020-12-16 00:01:31.830443+00,2020-12-16 00:01:31.830465+00,,0,KOTA SIBOLGA,,,12,
1272,2020-12-16 00:01:31.832949+00,2020-12-16 00:01:31.832964+00,,0,KOTA TANJUNG BALAI,,,12,
1273,2020-12-16 00:01:31.835674+00,2020-12-16 00:01:31.83569+00,,0,KOTA PEMATANG SIANTAR,,,12,
1274,2020-12-16 00:01:31.83827+00,2020-12-16 00:01:31.838285+00,,0,KOTA TEBING TINGGI,,,12,
1275,2020-12-16 00:01:31.840828+00,2020-12-16 00:01:31.840843+00,,0,KOTA MEDAN,,,12,
1276,2020-12-16 00:01:31.843473+00,2020-12-16 00:01:31.843488+00,,0,KOTA BINJAI,,,12,
1277,2020-12-16 00:01:31.846024+00,2020-12-16 00:01:31.846039+00,,0,KOTA PADANGSIDIMPUAN,,,12,
1278,2020-12-16 00:01:31.848567+00,2020-12-16 00:01:31.848582+00,,0,KOTA GUNUNGSITOLI,,,12,
1301,2020-12-16 00:01:31.851112+00,2020-12-16 00:01:31.851127+00,,0,KABUPATEN KEPULAUAN MENTAWAI,,,13,
1302,2020-12-16 00:01:31.853622+00,2020-12-16 00:01:31.853637+00,,0,KABUPATEN PESISIR SELATAN,,,13,
1303,2020-12-16 00:01:31.856159+00,2020-12-16 00:01:31.856172+00,,0,KABUPATEN SOLOK,,,13,
1304,2020-12-16 00:01:31.858786+00,2020-12-16 00:01:31.858801+00,,0,KABUPATEN SIJUNJUNG,,,13,
1305,2020-12-16 00:01:31.861437+00,2020-12-16 00:01:31.861452+00,,0,KABUPATEN TANAH DATAR,,,13,
1306,2020-12-16 00:01:31.864005+00,2020-12-16 00:01:31.86402+00,,0,KABUPATEN PADANG PARIAMAN,,,13,
1307,2020-12-16 00:01:31.866796+00,2020-12-16 00:01:31.86683+00,,0,KABUPATEN AGAM,,,13,
1308,2020-12-16 00:01:31.870294+00,2020-12-16 00:01:31.870327+00,,0,KABUPATEN LIMA PULUH KOTA,,,13,
1309,2020-12-16 00:01:31.873685+00,2020-12-16 00:01:31.873717+00,,0,KABUPATEN PASAMAN,,,13,
1310,2020-12-16 00:01:31.876997+00,2020-12-16 00:01:31.877026+00,,0,KABUPATEN SOLOK SELATAN,,,13,
1311,2020-12-16 00:01:31.880781+00,2020-12-16 00:01:31.88081+00,,0,KABUPATEN DHARMASRAYA,,,13,
1312,2020-12-16 00:01:31.88444+00,2020-12-16 00:01:31.88447+00,,0,KABUPATEN PASAMAN BARAT,,,13,
1371,2020-12-16 00:01:31.887772+00,2020-12-16 00:01:31.887788+00,,0,KOTA PADANG,,,13,
1372,2020-12-16 00:01:31.89047+00,2020-12-16 00:01:31.890485+00,,0,KOTA SOLOK,,,13,
1373,2020-12-16 00:01:31.893173+00,2020-12-16 00:01:31.893188+00,,0,KOTA SAWAH LUNTO,,,13,
1374,2020-12-16 00:01:31.89586+00,2020-12-16 00:01:31.895875+00,,0,KOTA PADANG PANJANG,,,13,
1375,2020-12-16 00:01:31.89851+00,2020-12-16 00:01:31.898525+00,,0,KOTA BUKITTINGGI,,,13,
1376,2020-12-16 00:01:31.901137+00,2020-12-16 00:01:31.901152+00,,0,KOTA PAYAKUMBUH,,,13,
1377,2020-12-16 00:01:31.903767+00,2020-12-16 00:01:31.903782+00,,0,KOTA PARIAMAN,,,13,
1401,2020-12-16 00:01:31.906377+00,2020-12-16 00:01:31.906393+00,,0,KABUPATEN KUANTAN SINGINGI,,,14,
1402,2020-12-16 00:01:31.9091+00,2020-12-16 00:01:31.909116+00,,0,KABUPATEN INDRAGIRI HULU,,,14,
1403,2020-12-16 00:01:31.911766+00,2020-12-16 00:01:31.911782+00,,0,KABUPATEN INDRAGIRI HILIR,,,14,
1404,2020-12-16 00:01:31.914462+00,2020-12-16 00:01:31.914477+00,,0,KABUPATEN PELALAWAN,,,14,
1405,2020-12-16 00:01:31.917163+00,2020-12-16 00:01:31.917178+00,,0,KABUPATEN S I A K,,,14,
1406,2020-12-16 00:01:31.919896+00,2020-12-16 00:01:31.919911+00,,0,KABUPATEN KAMPAR,,,14,
1407,2020-12-16 00:01:31.923322+00,2020-12-16 00:01:31.923337+00,,0,KABUPATEN ROKAN HULU,,,14,
1408,2020-12-16 00:01:31.925939+00,2020-12-16 00:01:31.925954+00,,0,KABUPATEN BENGKALIS,,,14,
1409,2020-12-16 00:01:31.928486+00,2020-12-16 00:01:31.928501+00,,0,KABUPATEN ROKAN HILIR,,,14,
1410,2020-12-16 00:01:31.93103+00,2020-12-16 00:01:31.931045+00,,0,KABUPATEN KEPULAUAN MERANTI,,,14,
1471,2020-12-16 00:01:31.933509+00,2020-12-16 00:01:31.933524+00,,0,KOTA PEKANBARU,,,14,
1473,2020-12-16 00:01:31.936386+00,2020-12-16 00:01:31.936401+00,,0,KOTA D U M A I,,,14,
1501,2020-12-16 00:01:31.93906+00,2020-12-16 00:01:31.939075+00,,0,KABUPATEN KERINCI,,,15,
1502,2020-12-16 00:01:31.94165+00,2020-12-16 00:01:31.941665+00,,0,KABUPATEN MERANGIN,,,15,
1503,2020-12-16 00:01:31.944259+00,2020-12-16 00:01:31.944274+00,,0,KABUPATEN SAROLANGUN,,,15,
1504,2020-12-16 00:01:31.946761+00,2020-12-16 00:01:31.946776+00,,0,KABUPATEN BATANG HARI,,,15,
1505,2020-12-16 00:01:31.949358+00,2020-12-16 00:01:31.949373+00,,0,KABUPATEN MUARO JAMBI,,,15,
1506,2020-12-16 00:01:31.951823+00,2020-12-16 00:01:31.951839+00,,0,KABUPATEN TANJUNG JABUNG TIMUR,,,15,
1507,2020-12-16 00:01:31.954387+00,2020-12-16 00:01:31.954402+00,,0,KABUPATEN TANJUNG JABUNG BARAT,,,15,
1508,2020-12-16 00:01:31.956997+00,2020-12-16 00:01:31.957013+00,,0,KABUPATEN TEBO,,,15,
1509,2020-12-16 00:01:31.959868+00,2020-12-16 00:01:31.959884+00,,0,KABUPATEN BUNGO,,,15,
1571,2020-12-16 00:01:31.962692+00,2020-12-16 00:01:31.962707+00,,0,KOTA JAMBI,,,15,
1572,2020-12-16 00:01:31.965167+00,2020-12-16 00:01:31.965182+00,,0,KOTA SUNGAI PENUH,,,15,
1601,2020-12-16 00:01:31.967691+00,2020-12-16 00:01:31.967705+00,,0,KABUPATEN OGAN KOMERING ULU,,,16,
1602,2020-12-16 00:01:31.97015+00,2020-12-16 00:01:31.970165+00,,0,KABUPATEN OGAN KOMERING ILIR,,,16,
1603,2020-12-16 00:01:31.972606+00,2020-12-16 00:01:31.972621+00,,0,KABUPATEN MUARA ENIM,,,16,
1604,2020-12-16 00:01:31.975093+00,2020-12-16 00:01:31.975108+00,,0,KABUPATEN LAHAT,,,16,
1605,2020-12-16 00:01:31.977753+00,2020-12-16 00:01:31.977768+00,,0,KABUPATEN MUSI RAWAS,,,16,
1606,2020-12-16 00:01:31.980338+00,2020-12-16 00:01:31.980353+00,,0,KABUPATEN MUSI BANYUASIN,,,16,
1607,2020-12-16 00:01:31.982783+00,2020-12-16 00:01:31.982798+00,,0,KABUPATEN BANYU ASIN,,,16,
1608,2020-12-16 00:01:31.985699+00,2020-12-16 00:01:31.985714+00,,0,KABUPATEN OGAN KOMERING ULU SELATAN,,,16,
1609,2020-12-16 00:01:31.988616+00,2020-12-16 00:01:31.98864+00,,0,KABUPATEN OGAN KOMERING ULU TIMUR,,,16,
1610,2020-12-16 00:01:31.991567+00,2020-12-16 00:01:31.99159+00,,0,KABUPATEN OGAN ILIR,,,16,
1611,2020-12-16 00:01:31.994503+00,2020-12-16 00:01:31.994526+00,,0,KABUPATEN EMPAT LAWANG,,,16,
1612,2020-12-16 00:01:31.997504+00,2020-12-16 00:01:31.997529+00,,0,KABUPATEN PENUKAL ABAB LEMATANG ILIR,,,16,
1613,2020-12-16 00:01:32.000624+00,2020-12-16 00:01:32.00065+00,,0,KABUPATEN MUSI RAWAS UTARA,,,16,
1671,2020-12-16 00:01:32.003713+00,2020-12-16 00:01:32.003739+00,,0,KOTA PALEMBANG,,,16,
1672,2020-12-16 00:01:32.007032+00,2020-12-16 00:01:32.007059+00,,0,KOTA PRABUMULIH,,,16,
1673,2020-12-16 00:01:32.010251+00,2020-12-16 00:01:32.010276+00,,0,KOTA PAGAR ALAM,,,16,
1674,2020-12-16 00:01:32.013377+00,2020-12-16 00:01:32.013401+00,,0,KOTA LUBUKLINGGAU,,,16,
1701,2020-12-16 00:01:32.01667+00,2020-12-16 00:01:32.016695+00,,0,KABUPATEN BENGKULU SELATAN,,,17,
1702,2020-12-16 00:01:32.019961+00,2020-12-16 00:01:32.019986+00,,0,KABUPATEN REJANG LEBONG,,,17,
1703,2020-12-16 00:01:32.023254+00,2020-12-16 00:01:32.02328+00,,0,KABUPATEN BENGKULU UTARA,,,17,
1704,2020-12-16 00:01:32.026463+00,2020-12-16 00:01:32.026489+00,,0,KABUPATEN KAUR,,,17,
1705,2020-12-16 00:01:32.029586+00,2020-12-16 00:01:32.029607+00,,0,KABUPATEN SELUMA,,,17,
1706,2020-12-16 00:01:32.032745+00,2020-12-16 00:01:32.032767+00,,0,KABUPATEN MUKOMUKO,,,17,
1707,2020-12-16 00:01:32.036014+00,2020-12-16 00:01:32.036038+00,,0,KABUPATEN LEBONG,,,17,
1708,2020-12-16 00:01:32.039167+00,2020-12-16 00:01:32.039191+00,,0,KABUPATEN KEPAHIANG,,,17,
1709,2020-12-16 00:01:32.042341+00,2020-12-16 00:01:32.042365+00,,0,KABUPATEN BENGKULU TENGAH,,,17,
1771,2020-12-16 00:01:32.045341+00,2020-12-16 00:01:32.045365+00,,0,KOTA BENGKULU,,,17,
1801,2020-12-16 00:01:32.048399+00,2020-12-16 00:01:32.048424+00,,0,KABUPATEN LAMPUNG BARAT,,,18,
1802,2020-12-16 00:01:32.051309+00,2020-12-16 00:01:32.051333+00,,0,KABUPATEN TANGGAMUS,,,18,
1803,2020-12-16 00:01:32.054772+00,2020-12-16 00:01:32.054797+00,,0,KABUPATEN LAMPUNG SELATAN,,,18,
1804,2020-12-16 00:01:32.058358+00,2020-12-16 00:01:32.058384+00,,0,KABUPATEN LAMPUNG TIMUR,,,18,
1805,2020-12-16 00:01:32.061936+00,2020-12-16 00:01:32.061961+00,,0,KABUPATEN LAMPUNG TENGAH,,,18,
1806,2020-12-16 00:01:32.065313+00,2020-12-16 00:01:32.065338+00,,0,KABUPATEN LAMPUNG UTARA,,,18,
1807,2020-12-16 00:01:32.068638+00,2020-12-16 00:01:32.068663+00,,0,KABUPATEN WAY KANAN,,,18,
1808,2020-12-16 00:01:32.071991+00,2020-12-16 00:01:32.072018+00,,0,KABUPATEN TULANGBAWANG,,,18,
1809,2020-12-16 00:01:32.075502+00,2020-12-16 00:01:32.075531+00,,0,KABUPATEN PESAWARAN,,,18,
1810,2020-12-16 00:01:32.079982+00,2020-12-16 00:01:32.080036+00,,0,KABUPATEN PRINGSEWU,,,18,
1811,2020-12-16 00:01:32.083872+00,2020-12-16 00:01:32.083916+00,,0,KABUPATEN MESUJI,,,18,
1812,2020-12-16 00:01:32.088348+00,2020-12-16 00:01:32.088393+00,,0,KABUPATEN TULANG BAWANG BARAT,,,18,
1813,2020-12-16 00:01:32.092359+00,2020-12-16 00:01:32.092406+00,,0,KABUPATEN PESISIR BARAT,,,18,
1871,2020-12-16 00:01:32.09619+00,2020-12-16 00:01:32.096231+00,,0,KOTA BANDAR LAMPUNG,,,18,
1872,2020-12-16 00:01:32.099612+00,2020-12-16 00:01:32.099651+00,,0,KOTA METRO,,,18,
1901,2020-12-16 00:01:32.103093+00,2020-12-16 00:01:32.103108+00,,0,KABUPATEN BANGKA,,,19,
1902,2020-12-16 00:01:32.106166+00,2020-12-16 00:01:32.106182+00,,0,KABUPATEN BELITUNG,,,19,
1903,2020-12-16 00:01:32.109402+00,2020-12-16 00:01:32.109418+00,,0,KABUPATEN BANGKA BARAT,,,19,
1904,2020-12-16 00:01:32.112773+00,2020-12-16 00:01:32.112789+00,,0,KABUPATEN BANGKA TENGAH,,,19,
1905,2020-12-16 00:01:32.115996+00,2020-12-16 00:01:32.11602+00,,0,KABUPATEN BANGKA SELATAN,,,19,
1906,2020-12-16 00:01:32.119322+00,2020-12-16 00:01:32.119346+00,,0,KABUPATEN BELITUNG TIMUR,,,19,
1971,2020-12-16 00:01:32.122368+00,2020-12-16 00:01:32.122392+00,,0,KOTA PANGKAL PINANG,,,19,
2101,2020-12-16 00:01:32.125199+00,2020-12-16 00:01:32.125223+00,,0,KABUPATEN KARIMUN,,,21,
2102,2020-12-16 00:01:32.128405+00,2020-12-16 00:01:32.128432+00,,0,KABUPATEN BINTAN,,,21,
2103,2020-12-16 00:01:32.131704+00,2020-12-16 00:01:32.131729+00,,0,KABUPATEN NATUNA,,,21,
2104,2020-12-16 00:01:32.134915+00,2020-12-16 00:01:32.134941+00,,0,KABUPATEN LINGGA,,,21,
2105,2020-12-16 00:01:32.138071+00,2020-12-16 00:01:32.138086+00,,0,KABUPATEN KEPULAUAN ANAMBAS,,,21,
2171,2020-12-16 00:01:32.1409+00,2020-12-16 00:01:32.140916+00,,0,KOTA B A T A M,,,21,
2172,2020-12-16 00:01:32.143817+00,2020-12-16 00:01:32.143832+00,,0,KOTA TANJUNG PINANG,,,21,
3101,2020-12-16 00:01:32.146712+00,2020-12-16 00:01:32.146727+00,,0,KABUPATEN KEPULAUAN SERIBU,,,31,
3171,2020-12-16 00:01:32.149866+00,2020-12-16 00:01:32.149881+00,,0,KOTA JAKARTA SELATAN,,,31,
3172,2020-12-16 00:01:32.152769+00,2020-12-16 00:01:32.152784+00,,0,KOTA JAKARTA TIMUR,,,31,
3173,2020-12-16 00:01:32.155909+00,2020-12-16 00:01:32.155924+00,,0,KOTA JAKARTA PUSAT,,,31,
3174,2020-12-16 00:01:32.158847+00,2020-12-16 00:01:32.158862+00,,0,KOTA JAKARTA BARAT,,,31,
3175,2020-12-16 00:01:32.16162+00,2020-12-16 00:01:32.161635+00,,0,KOTA JAKARTA UTARA,,,31,
3201,2020-12-16 00:01:32.164125+00,2020-12-16 00:01:32.164139+00,,0,KABUPATEN BOGOR,,,32,
3202,2020-12-16 00:01:32.166814+00,2020-12-16 00:01:32.16683+00,,0,KABUPATEN SUKABUMI,,,32,
3203,2020-12-16 00:01:32.169671+00,2020-12-16 00:01:32.169686+00,,0,KABUPATEN CIANJUR,,,32,
3204,2020-12-16 00:01:32.172794+00,2020-12-16 00:01:32.172809+00,,0,KABUPATEN BANDUNG,,,32,
3205,2020-12-16 00:01:32.175862+00,2020-12-16 00:01:32.175877+00,,0,KABUPATEN GARUT,,,32,
3206,2020-12-16 00:01:32.178519+00,2020-12-16 00:01:32.178534+00,,0,KABUPATEN TASIKMALAYA,,,32,
3207,2020-12-16 00:01:32.180978+00,2020-12-16 00:01:32.180993+00,,0,KABUPATEN CIAMIS,,,32,
3208,2020-12-16 00:01:32.183432+00,2020-12-16 00:01:32.183446+00,,0,KABUPATEN KUNINGAN,,,32,
3209,2020-12-16 00:01:32.186133+00,2020-12-16 00:01:32.186147+00,,0,KABUPATEN CIREBON,,,32,
3210,2020-12-16 00:01:32.189982+00,2020-12-16 00:01:32.190018+00,,0,KABUPATEN MAJALENGKA,,,32,
3211,2020-12-16 00:01:32.194123+00,2020-12-16 00:01:32.19416+00,,0,KABUPATEN SUMEDANG,,,32,
3212,2020-12-16 00:01:32.198341+00,2020-12-16 00:01:32.198359+00,,0,KABUPATEN INDRAMAYU,,,32,
3213,2020-12-16 00:01:32.200859+00,2020-12-16 00:01:32.200873+00,,0,KABUPATEN SUBANG,,,32,
3214,2020-12-16 00:01:32.203377+00,2020-12-16 00:01:32.203392+00,,0,KABUPATEN PURWAKARTA,,,32,
3215,2020-12-16 00:01:32.205762+00,2020-12-16 00:01:32.205778+00,,0,KABUPATEN KARAWANG,,,32,
3216,2020-12-16 00:01:32.208276+00,2020-12-16 00:01:32.208291+00,,0,KABUPATEN BEKASI,,,32,
3217,2020-12-16 00:01:32.210576+00,2020-12-16 00:01:32.210589+00,,0,KABUPATEN BANDUNG BARAT,,,32,
3218,2020-12-16 00:01:32.212925+00,2020-12-16 00:01:32.21294+00,,0,KABUPATEN PANGANDARAN,,,32,
3271,2020-12-16 00:01:32.215847+00,2020-12-16 00:01:32.215878+00,,0,KOTA BOGOR,,,32,
3272,2020-12-16 00:01:32.219366+00,2020-12-16 00:01:32.219406+00,,0,KOTA SUKABUMI,,,32,
3273,2020-12-16 00:01:32.223337+00,2020-12-16 00:01:32.223373+00,,0,KOTA BANDUNG,,,32,
3274,2020-12-16 00:01:32.226748+00,2020-12-16 00:01:32.226782+00,,0,KOTA CIREBON,,,32,
3275,2020-12-16 00:01:32.230012+00,2020-12-16 00:01:32.230024+00,,0,KOTA BEKASI,,,32,
3276,2020-12-16 00:01:32.232483+00,2020-12-16 00:01:32.232496+00,,0,KOTA DEPOK,,,32,
3277,2020-12-16 00:01:32.23547+00,2020-12-16 00:01:32.235483+00,,0,KOTA CIMAHI,,,32,
3278,2020-12-16 00:01:32.238101+00,2020-12-16 00:01:32.238114+00,,0,KOTA TASIKMALAYA,,,32,
3279,2020-12-16 00:01:32.240813+00,2020-12-16 00:01:32.240835+00,,0,KOTA BANJAR,,,32,
3301,2020-12-16 00:01:32.243593+00,2020-12-16 00:01:32.243615+00,,0,KABUPATEN CILACAP,,,33,
3302,2020-12-16 00:01:32.245933+00,2020-12-16 00:01:32.245953+00,,0,KABUPATEN BANYUMAS,,,33,
3303,2020-12-16 00:01:32.248284+00,2020-12-16 00:01:32.248304+00,,0,KABUPATEN PURBALINGGA,,,33,
3304,2020-12-16 00:01:32.250541+00,2020-12-16 00:01:32.250552+00,,0,KABUPATEN BANJARNEGARA,,,33,
3305,2020-12-16 00:01:32.252258+00,2020-12-16 00:01:32.252269+00,,0,KABUPATEN KEBUMEN,,,33,
3306,2020-12-16 00:01:32.254321+00,2020-12-16 00:01:32.254334+00,,0,KABUPATEN PURWOREJO,,,33,
3307,2020-12-16 00:01:32.25639+00,2020-12-16 00:01:32.256404+00,,0,KABUPATEN WONOSOBO,,,33,
3308,2020-12-16 00:01:32.258558+00,2020-12-16 00:01:32.258571+00,,0,KABUPATEN MAGELANG,,,33,
3309,2020-12-16 00:01:32.260671+00,2020-12-16 00:01:32.260684+00,,0,KABUPATEN BOYOLALI,,,33,
3310,2020-12-16 00:01:32.262707+00,2020-12-16 00:01:32.26272+00,,10,KABUPATEN KLATEN,,,33,
3311,2020-12-16 00:01:32.264765+00,2020-12-16 00:01:32.264778+00,,0,KABUPATEN SUKOHARJO,,,33,
3312,2020-12-16 00:01:32.26687+00,2020-12-16 00:01:32.266884+00,,0,KABUPATEN WONOGIRI,,,33,
3313,2020-12-16 00:01:32.268656+00,2020-12-16 00:01:32.268668+00,,0,KABUPATEN KARANGANYAR,,,33,
3314,2020-12-16 00:01:32.270331+00,2020-12-16 00:01:32.270342+00,,0,KABUPATEN SRAGEN,,,33,
3315,2020-12-16 00:01:32.272029+00,2020-12-16 00:01:32.27204+00,,0,KABUPATEN GROBOGAN,,,33,
3316,2020-12-16 00:01:32.273765+00,2020-12-16 00:01:32.273778+00,,0,KABUPATEN BLORA,,,33,
3317,2020-12-16 00:01:32.275891+00,2020-12-16 00:01:32.275908+00,,0,KABUPATEN REMBANG,,,33,
3318,2020-12-16 00:01:32.278042+00,2020-12-16 00:01:32.278061+00,,0,KABUPATEN PATI,,,33,
3319,2020-12-16 00:01:32.280316+00,2020-12-16 00:01:32.280332+00,,0,KABUPATEN KUDUS,,,33,
3320,2020-12-16 00:01:32.282583+00,2020-12-16 00:01:32.282597+00,,0,KABUPATEN JEPARA,,,33,
3321,2020-12-16 00:01:32.284698+00,2020-12-16 00:01:32.284713+00,,0,KABUPATEN DEMAK,,,33,
3322,2020-12-16 00:01:32.286829+00,2020-12-16 00:01:32.286843+00,,0,KABUPATEN SEMARANG,,,33,
3323,2020-12-16 00:01:32.288928+00,2020-12-16 00:01:32.288942+00,,0,KABUPATEN TEMANGGUNG,,,33,
3324,2020-12-16 00:01:32.290904+00,2020-12-16 00:01:32.290918+00,,0,KABUPATEN KENDAL,,,33,
3325,2020-12-16 00:01:32.292657+00,2020-12-16 00:01:32.29267+00,,0,KABUPATEN BATANG,,,33,
3326,2020-12-16 00:01:32.294613+00,2020-12-16 00:01:32.294625+00,,0,KABUPATEN PEKALONGAN,,,33,
3327,2020-12-16 00:01:32.296613+00,2020-12-16 00:01:32.296625+00,,0,KABUPATEN PEMALANG,,,33,
3328,2020-12-16 00:01:32.298646+00,2020-12-16 00:01:32.298658+00,,0,KABUPATEN TEGAL,,,33,
3329,2020-12-16 00:01:32.300637+00,2020-12-16 00:01:32.30065+00,,0,KABUPATEN BREBES,,,33,
3371,2020-12-16 00:01:32.302612+00,2020-12-16 00:01:32.302625+00,,0,KOTA MAGELANG,,,33,
3372,2020-12-16 00:01:32.305059+00,2020-12-16 00:01:32.305074+00,,0,KOTA SURAKARTA,,,33,
3373,2020-12-16 00:01:32.307832+00,2020-12-16 00:01:32.307848+00,,0,KOTA SALATIGA,,,33,
3374,2020-12-16 00:01:32.310761+00,2020-12-16 00:01:32.310775+00,,0,KOTA SEMARANG,,,33,
3375,2020-12-16 00:01:32.313653+00,2020-12-16 00:01:32.313668+00,,0,KOTA PEKALONGAN,,,33,
3376,2020-12-16 00:01:32.317156+00,2020-12-16 00:01:32.31718+00,,0,KOTA TEGAL,,,33,
3401,2020-12-16 00:01:32.320135+00,2020-12-16 00:01:32.320159+00,,0,KABUPATEN KULON PROGO,,,34,
3402,2020-12-16 00:01:32.323066+00,2020-12-16 00:01:32.323089+00,,0,KABUPATEN BANTUL,,,34,
3403,2020-12-16 00:01:32.325973+00,2020-12-16 00:01:32.325997+00,,0,KABUPATEN GUNUNG KIDUL,,,34,
3404,2020-12-16 00:01:32.328853+00,2020-12-16 00:01:32.328877+00,,0,KABUPATEN SLEMAN,,,34,
3471,2020-12-16 00:01:32.331856+00,2020-12-16 00:01:32.331879+00,,0,KOTA YOGYAKARTA,,,34,
3501,2020-12-16 00:01:32.334937+00,2020-12-16 00:01:32.33496+00,,0,KABUPATEN PACITAN,,,35,
3502,2020-12-16 00:01:32.338353+00,2020-12-16 00:01:32.338379+00,,0,KABUPATEN PONOROGO,,,35,
3503,2020-12-16 00:01:32.341482+00,2020-12-16 00:01:32.341504+00,,0,KABUPATEN TRENGGALEK,,,35,
3504,2020-12-16 00:01:32.344956+00,2020-12-16 00:01:32.344981+00,,0,KABUPATEN TULUNGAGUNG,,,35,
3505,2020-12-16 00:01:32.348349+00,2020-12-16 00:01:32.348376+00,,0,KABUPATEN BLITAR,,,35,
3506,2020-12-16 00:01:32.351613+00,2020-12-16 00:01:32.351638+00,,0,KABUPATEN KEDIRI,,,35,
3507,2020-12-16 00:01:32.354796+00,2020-12-16 00:01:32.354822+00,,0,KABUPATEN MALANG,,,35,
3508,2020-12-16 00:01:32.358026+00,2020-12-16 00:01:32.358052+00,,0,KABUPATEN LUMAJANG,,,35,
3509,2020-12-16 00:01:32.361288+00,2020-12-16 00:01:32.361314+00,,0,KABUPATEN JEMBER,,,35,
3510,2020-12-16 00:01:32.364828+00,2020-12-16 00:01:32.364853+00,,0,KABUPATEN BANYUWANGI,,,35,
3511,2020-12-16 00:01:32.36825+00,2020-12-16 00:01:32.368276+00,,0,KABUPATEN BONDOWOSO,,,35,
3512,2020-12-16 00:01:32.372083+00,2020-12-16 00:01:32.37212+00,,0,KABUPATEN SITUBONDO,,,35,
3513,2020-12-16 00:01:32.37586+00,2020-12-16 00:01:32.375894+00,,0,KABUPATEN PROBOLINGGO,,,35,
3514,2020-12-16 00:01:32.379841+00,2020-12-16 00:01:32.379855+00,,0,KABUPATEN PASURUAN,,,35,
3515,2020-12-16 00:01:32.38215+00,2020-12-16 00:01:32.382163+00,,0,KABUPATEN SIDOARJO,,,35,
3516,2020-12-16 00:01:32.386145+00,2020-12-16 00:01:32.386193+00,,0,KABUPATEN MOJOKERTO,,,35,
3517,2020-12-16 00:01:32.390619+00,2020-12-16 00:01:32.390644+00,,0,KABUPATEN JOMBANG,,,35,
3518,2020-12-16 00:01:32.394149+00,2020-12-16 00:01:32.394174+00,,0,KABUPATEN NGANJUK,,,35,
3519,2020-12-16 00:01:32.397732+00,2020-12-16 00:01:32.397758+00,,0,KABUPATEN MADIUN,,,35,
3520,2020-12-16 00:01:32.401212+00,2020-12-16 00:01:32.401237+00,,0,KABUPATEN MAGETAN,,,35,
3521,2020-12-16 00:01:32.404739+00,2020-12-16 00:01:32.404764+00,,0,KABUPATEN NGAWI,,,35,
3522,2020-12-16 00:01:32.408022+00,2020-12-16 00:01:32.408048+00,,0,KABUPATEN BOJONEGORO,,,35,
3523,2020-12-16 00:01:32.411401+00,2020-12-16 00:01:32.411428+00,,0,KABUPATEN TUBAN,,,35,
3524,2020-12-16 00:01:32.414505+00,2020-12-16 00:01:32.41453+00,,0,KABUPATEN LAMONGAN,,,35,
3525,2020-12-16 00:01:32.417731+00,2020-12-16 00:01:32.417761+00,,0,KABUPATEN GRESIK,,,35,
3526,2020-12-16 00:01:32.420914+00,2020-12-16 00:01:32.420945+00,,0,KABUPATEN BANGKALAN,,,35,
3527,2020-12-16 00:01:32.424459+00,2020-12-16 00:01:32.42449+00,,0,KABUPATEN SAMPANG,,,35,
3528,2020-12-16 00:01:32.42768+00,2020-12-16 00:01:32.427695+00,,0,KABUPATEN PAMEKASAN,,,35,
3529,2020-12-16 00:01:32.430096+00,2020-12-16 00:01:32.43011+00,,0,KABUPATEN SUMENEP,,,35,
3571,2020-12-16 00:01:32.432432+00,2020-12-16 00:01:32.432445+00,,0,KOTA KEDIRI,,,35,
3572,2020-12-16 00:01:32.43487+00,2020-12-16 00:01:32.434885+00,,0,KOTA BLITAR,,,35,
3573,2020-12-16 00:01:32.437722+00,2020-12-16 00:01:32.437737+00,,0,KOTA MALANG,,,35,
3574,2020-12-16 00:01:32.440545+00,2020-12-16 00:01:32.440561+00,,0,KOTA PROBOLINGGO,,,35,
3575,2020-12-16 00:01:32.443361+00,2020-12-16 00:01:32.443376+00,,0,KOTA PASURUAN,,,35,
3576,2020-12-16 00:01:32.445998+00,2020-12-16 00:01:32.446014+00,,0,KOTA MOJOKERTO,,,35,
3577,2020-12-16 00:01:32.448522+00,2020-12-16 00:01:32.448537+00,,0,KOTA MADIUN,,,35,
3578,2020-12-16 00:01:32.451096+00,2020-12-16 00:01:32.451112+00,,0,KOTA SURABAYA,,,35,
3579,2020-12-16 00:01:32.453756+00,2020-12-16 00:01:32.453772+00,,0,KOTA BATU,,,35,
3601,2020-12-16 00:01:32.45635+00,2020-12-16 00:01:32.456365+00,,0,KABUPATEN PANDEGLANG,,,36,
3602,2020-12-16 00:01:32.458806+00,2020-12-16 00:01:32.458821+00,,0,KABUPATEN LEBAK,,,36,
3603,2020-12-16 00:01:32.461229+00,2020-12-16 00:01:32.461244+00,,0,KABUPATEN TANGERANG,,,36,
3604,2020-12-16 00:01:32.463615+00,2020-12-16 00:01:32.46363+00,,0,KABUPATEN SERANG,,,36,
3671,2020-12-16 00:01:32.466009+00,2020-12-16 00:01:32.466024+00,,0,KOTA TANGERANG,,,36,
3672,2020-12-16 00:01:32.468118+00,2020-12-16 00:01:32.468133+00,,0,KOTA CILEGON,,,36,
3673,2020-12-16 00:01:32.470032+00,2020-12-16 00:01:32.470047+00,,0,KOTA SERANG,,,36,
3674,2020-12-16 00:01:32.472075+00,2020-12-16 00:01:32.472089+00,,0,KOTA TANGERANG SELATAN,,,36,
5101,2020-12-16 00:01:32.474073+00,2020-12-16 00:01:32.474088+00,,0,KABUPATEN JEMBRANA,,,51,
5102,2020-12-16 00:01:32.476117+00,2020-12-16 00:01:32.476131+00,,0,KABUPATEN TABANAN,,,51,
5103,2020-12-16 00:01:32.478291+00,2020-12-16 00:01:32.478305+00,,0,KABUPATEN BADUNG,,,51,
5104,2020-12-16 00:01:32.48119+00,2020-12-16 00:01:32.481204+00,,0,KABUPATEN GIANYAR,,,51,
5105,2020-12-16 00:01:32.483804+00,2020-12-16 00:01:32.483824+00,,0,KABUPATEN KLUNGKUNG,,,51,
5106,2020-12-16 00:01:32.486616+00,2020-12-16 00:01:32.486631+00,,0,KABUPATEN BANGLI,,,51,
5107,2020-12-16 00:01:32.489737+00,2020-12-16 00:01:32.489753+00,,0,KABUPATEN KARANG ASEM,,,51,
5108,2020-12-16 00:01:32.492697+00,2020-12-16 00:01:32.492712+00,,0,KABUPATEN BULELENG,,,51,
5171,2020-12-16 00:01:32.495537+00,2020-12-16 00:01:32.495552+00,,0,KOTA DENPASAR,,,51,
5201,2020-12-16 00:01:32.497945+00,2020-12-16 00:01:32.497959+00,,0,KABUPATEN LOMBOK BARAT,,,52,
5202,2020-12-16 00:01:32.500329+00,2020-12-16 00:01:32.500345+00,,0,KABUPATEN LOMBOK TENGAH,,,52,
5203,2020-12-16 00:01:32.5027+00,2020-12-16 00:01:32.502715+00,,0,KABUPATEN LOMBOK TIMUR,,,52,
5204,2020-12-16 00:01:32.505014+00,2020-12-16 00:01:32.50503+00,,0,KABUPATEN SUMBAWA,,,52,
5205,2020-12-16 00:01:32.50741+00,2020-12-16 00:01:32.507425+00,,0,KABUPATEN DOMPU,,,52,
5206,2020-12-16 00:01:32.509838+00,2020-12-16 00:01:32.509853+00,,0,KABUPATEN BIMA,,,52,
5207,2020-12-16 00:01:32.51234+00,2020-12-16 00:01:32.512355+00,,0,KABUPATEN SUMBAWA BARAT,,,52,
5208,2020-12-16 00:01:32.514716+00,2020-12-16 00:01:32.514739+00,,0,KABUPATEN LOMBOK UTARA,,,52,
5271,2020-12-16 00:01:32.51719+00,2020-12-16 00:01:32.517205+00,,0,KOTA MATARAM,,,52,
5272,2020-12-16 00:01:32.519658+00,2020-12-16 00:01:32.519673+00,,0,KOTA BIMA,,,52,
5301,2020-12-16 00:01:32.522064+00,2020-12-16 00:01:32.522079+00,,0,KABUPATEN SUMBA BARAT,,,53,
5302,2020-12-16 00:01:32.524491+00,2020-12-16 00:01:32.524506+00,,0,KABUPATEN SUMBA TIMUR,,,53,
5303,2020-12-16 00:01:32.527187+00,2020-12-16 00:01:32.527219+00,,0,KABUPATEN KUPANG,,,53,
5304,2020-12-16 00:01:32.53009+00,2020-12-16 00:01:32.530104+00,,0,KABUPATEN TIMOR TENGAH SELATAN,,,53,
5305,2020-12-16 00:01:32.532921+00,2020-12-16 00:01:32.532934+00,,0,KABUPATEN TIMOR TENGAH UTARA,,,53,
5306,2020-12-16 00:01:32.536277+00,2020-12-16 00:01:32.536292+00,,0,KABUPATEN BELU,,,53,
5307,2020-12-16 00:01:32.538604+00,2020-12-16 00:01:32.538619+00,,0,KABUPATEN ALOR,,,53,
5308,2020-12-16 00:01:32.541097+00,2020-12-16 00:01:32.541113+00,,0,KABUPATEN LEMBATA,,,53,
5309,2020-12-16 00:01:32.543657+00,2020-12-16 00:01:32.543673+00,,0,KABUPATEN FLORES TIMUR,,,53,
5310,2020-12-16 00:01:32.54585+00,2020-12-16 00:01:32.545864+00,,0,KABUPATEN SIKKA,,,53,
5311,2020-12-16 00:01:32.548171+00,2020-12-16 00:01:32.548186+00,,0,KABUPATEN ENDE,,,53,
5312,2020-12-16 00:01:32.550505+00,2020-12-16 00:01:32.55052+00,,0,KABUPATEN NGADA,,,53,
5313,2020-12-16 00:01:32.552839+00,2020-12-16 00:01:32.552853+00,,0,KABUPATEN MANGGARAI,,,53,
5314,2020-12-16 00:01:32.555241+00,2020-12-16 00:01:32.555255+00,,0,KABUPATEN ROTE NDAO,,,53,
5315,2020-12-16 00:01:32.557716+00,2020-12-16 00:01:32.557731+00,,0,KABUPATEN MANGGARAI BARAT,,,53,
5316,2020-12-16 00:01:32.560163+00,2020-12-16 00:01:32.560177+00,,0,KABUPATEN SUMBA TENGAH,,,53,
5317,2020-12-16 00:01:32.562916+00,2020-12-16 00:01:32.562931+00,,0,KABUPATEN SUMBA BARAT DAYA,,,53,
5318,2020-12-16 00:01:32.565892+00,2020-12-16 00:01:32.565907+00,,0,KABUPATEN NAGEKEO,,,53,
5319,2020-12-16 00:01:32.568433+00,2020-12-16 00:01:32.568447+00,,0,KABUPATEN MANGGARAI TIMUR,,,53,
5320,2020-12-16 00:01:32.570802+00,2020-12-16 00:01:32.570817+00,,0,KABUPATEN SABU RAIJUA,,,53,
5321,2020-12-16 00:01:32.573265+00,2020-12-16 00:01:32.573281+00,,0,KABUPATEN MALAKA,,,53,
5371,2020-12-16 00:01:32.575712+00,2020-12-16 00:01:32.575727+00,,0,KOTA KUPANG,,,53,
6101,2020-12-16 00:01:32.578214+00,2020-12-16 00:01:32.578272+00,,0,KABUPATEN SAMBAS,,,61,
6102,2020-12-16 00:01:32.582015+00,2020-12-16 00:01:32.582055+00,,0,KABUPATEN BENGKAYANG,,,61,
6103,2020-12-16 00:01:32.585776+00,2020-12-16 00:01:32.585815+00,,0,KABUPATEN LANDAK,,,61,
6104,2020-12-16 00:01:32.589377+00,2020-12-16 00:01:32.589413+00,,0,KABUPATEN MEMPAWAH,,,61,
6105,2020-12-16 00:01:32.592815+00,2020-12-16 00:01:32.592828+00,,0,KABUPATEN SANGGAU,,,61,
6106,2020-12-16 00:01:32.595388+00,2020-12-16 00:01:32.595402+00,,0,KABUPATEN KETAPANG,,,61,
6107,2020-12-16 00:01:32.598026+00,2020-12-16 00:01:32.598039+00,,0,KABUPATEN SINTANG,,,61,
6108,2020-12-16 00:01:32.6004+00,2020-12-16 00:01:32.600413+00,,0,KABUPATEN KAPUAS HULU,,,61,
6109,2020-12-16 00:01:32.602818+00,2020-12-16 00:01:32.602832+00,,0,KABUPATEN SEKADAU,,,61,
6110,2020-12-16 00:01:32.605+00,2020-12-16 00:01:32.605012+00,,0,KABUPATEN MELAWI,,,61,
6111,2020-12-16 00:01:32.607197+00,2020-12-16 00:01:32.607225+00,,0,KABUPATEN KAYONG UTARA,,,61,
6112,2020-12-16 00:01:32.609135+00,2020-12-16 00:01:32.609147+00,,0,KABUPATEN KUBU RAYA,,,61,
6171,2020-12-16 00:01:32.61085+00,2020-12-16 00:01:32.610861+00,,0,KOTA PONTIANAK,,,61,
6172,2020-12-16 00:01:32.612435+00,2020-12-16 00:01:32.612447+00,,0,KOTA SINGKAWANG,,,61,
6201,2020-12-16 00:01:32.614147+00,2020-12-16 00:01:32.614158+00,,0,KABUPATEN KOTAWARINGIN BARAT,,,62,
6202,2020-12-16 00:01:32.615862+00,2020-12-16 00:01:32.615874+00,,0,KABUPATEN KOTAWARINGIN TIMUR,,,62,
6203,2020-12-16 00:01:32.617574+00,2020-12-16 00:01:32.617586+00,,0,KABUPATEN KAPUAS,,,62,
6204,2020-12-16 00:01:32.619185+00,2020-12-16 00:01:32.619196+00,,0,KABUPATEN BARITO SELATAN,,,62,
6205,2020-12-16 00:01:32.620929+00,2020-12-16 00:01:32.62094+00,,0,KABUPATEN BARITO UTARA,,,62,
6206,2020-12-16 00:01:32.622664+00,2020-12-16 00:01:32.622675+00,,0,KABUPATEN SUKAMARA,,,62,
6207,2020-12-16 00:01:32.624357+00,2020-12-16 00:01:32.624369+00,,0,KABUPATEN LAMANDAU,,,62,
6208,2020-12-16 00:01:32.626098+00,2020-12-16 00:01:32.626109+00,,0,KABUPATEN SERUYAN,,,62,
6209,2020-12-16 00:01:32.627839+00,2020-12-16 00:01:32.627851+00,,0,KABUPATEN KATINGAN,,,62,
6210,2020-12-16 00:01:32.629466+00,2020-12-16 00:01:32.629477+00,,0,KABUPATEN PULANG PISAU,,,62,
6211,2020-12-16 00:01:32.631183+00,2020-12-16 00:01:32.631196+00,,0,KABUPATEN GUNUNG MAS,,,62,
6212,2020-12-16 00:01:32.633102+00,2020-12-16 00:01:32.633117+00,,0,KABUPATEN BARITO TIMUR,,,62,
6213,2020-12-16 00:01:32.635484+00,2020-12-16 00:01:32.635502+00,,0,KABUPATEN MURUNG RAYA,,,62,
6271,2020-12-16 00:01:32.637629+00,2020-12-16 00:01:32.637644+00,,0,KOTA PALANGKA RAYA,,,62,
6301,2020-12-16 00:01:32.639704+00,2020-12-16 00:01:32.639718+00,,0,KABUPATEN TANAH LAUT,,,63,
6302,2020-12-16 00:01:32.642138+00,2020-12-16 00:01:32.642151+00,,0,KABUPATEN KOTA BARU,,,63,
6303,2020-12-16 00:01:32.644598+00,2020-12-16 00:01:32.644612+00,,0,KABUPATEN BANJAR,,,63,
6304,2020-12-16 00:01:32.647185+00,2020-12-16 00:01:32.64721+00,,0,KABUPATEN BARITO KUALA,,,63,
6305,2020-12-16 00:01:32.649453+00,2020-12-16 00:01:32.649467+00,,0,KABUPATEN TAPIN,,,63,
6306,2020-12-16 00:01:32.651829+00,2020-12-16 00:01:32.651842+00,,0,KABUPATEN HULU SUNGAI SELATAN,,,63,
6307,2020-12-16 00:01:32.654048+00,2020-12-16 00:01:32.65406+00,,0,KABUPATEN HULU SUNGAI TENGAH,,,63,
6308,2020-12-16 00:01:32.656111+00,2020-12-16 00:01:32.656124+00,,0,KABUPATEN HULU SUNGAI UTARA,,,63,
6309,2020-12-16 00:01:32.658297+00,2020-12-16 00:01:32.65831+00,,0,KABUPATEN TABALONG,,,63,
6310,2020-12-16 00:01:32.66039+00,2020-12-16 00:01:32.660404+00,,0,KABUPATEN TANAH BUMBU,,,63,
6311,2020-12-16 00:01:32.66223+00,2020-12-16 00:01:32.662243+00,,0,KABUPATEN BALANGAN,,,63,
6371,2020-12-16 00:01:32.663941+00,2020-12-16 00:01:32.663953+00,,0,KOTA BANJARMASIN,,,63,
6372,2020-12-16 00:01:32.665819+00,2020-12-16 00:01:32.665833+00,,0,KOTA BANJAR BARU,,,63,
6401,2020-12-16 00:01:32.66784+00,2020-12-16 00:01:32.667853+00,,0,KABUPATEN PASER,,,64,
6402,2020-12-16 00:01:32.669872+00,2020-12-16 00:01:32.669885+00,,0,KABUPATEN KUTAI BARAT,,,64,
6403,2020-12-16 00:01:32.671953+00,2020-12-16 00:01:32.671967+00,,0,KABUPATEN KUTAI KARTANEGARA,,,64,
6404,2020-12-16 00:01:32.673884+00,2020-12-16 00:01:32.673897+00,,0,KABUPATEN KUTAI TIMUR,,,64,
6405,2020-12-16 00:01:32.675725+00,2020-12-16 00:01:32.675737+00,,0,KABUPATEN BERAU,,,64,
6409,2020-12-16 00:01:32.677407+00,2020-12-16 00:01:32.677419+00,,0,KABUPATEN PENAJAM PASER UTARA,,,64,
6411,2020-12-16 00:01:32.679007+00,2020-12-16 00:01:32.679018+00,,0,KABUPATEN MAHAKAM HULU,,,64,
6471,2020-12-16 00:01:32.680782+00,2020-12-16 00:01:32.680794+00,,0,KOTA BALIKPAPAN,,,64,
6472,2020-12-16 00:01:32.682527+00,2020-12-16 00:01:32.682539+00,,0,KOTA SAMARINDA,,,64,
6474,2020-12-16 00:01:32.684564+00,2020-12-16 00:01:32.684577+00,,0,KOTA BONTANG,,,64,
6501,2020-12-16 00:01:32.686375+00,2020-12-16 00:01:32.686388+00,,0,KABUPATEN MALINAU,,,65,
6502,2020-12-16 00:01:32.689365+00,2020-12-16 00:01:32.68938+00,,0,KABUPATEN BULUNGAN,,,65,
6503,2020-12-16 00:01:32.693482+00,2020-12-16 00:01:32.693526+00,,0,KABUPATEN TANA TIDUNG,,,65,
6504,2020-12-16 00:01:32.697334+00,2020-12-16 00:01:32.697376+00,,0,KABUPATEN NUNUKAN,,,65,
6571,2020-12-16 00:01:32.700025+00,2020-12-16 00:01:32.700039+00,,0,KOTA TARAKAN,,,65,
7101,2020-12-16 00:01:32.702025+00,2020-12-16 00:01:32.702039+00,,0,KABUPATEN BOLAANG MONGONDOW,,,71,
7102,2020-12-16 00:01:32.704274+00,2020-12-16 00:01:32.704288+00,,0,KABUPATEN MINAHASA,,,71,
7103,2020-12-16 00:01:32.707725+00,2020-12-16 00:01:32.707768+00,,0,KABUPATEN KEPULAUAN SANGIHE,,,71,
7104,2020-12-16 00:01:32.71147+00,2020-12-16 00:01:32.711511+00,,0,KABUPATEN KEPULAUAN TALAUD,,,71,
7105,2020-12-16 00:01:32.715028+00,2020-12-16 00:01:32.715047+00,,0,KABUPATEN MINAHASA SELATAN,,,71,
7106,2020-12-16 00:01:32.717329+00,2020-12-16 00:01:32.71734+00,,0,KABUPATEN MINAHASA UTARA,,,71,
7107,2020-12-16 00:01:32.71965+00,2020-12-16 00:01:32.719663+00,,0,KABUPATEN BOLAANG MONGONDOW UTARA,,,71,
7108,2020-12-16 00:01:32.721896+00,2020-12-16 00:01:32.721909+00,,0,KABUPATEN SIAU TAGULANDANG BIARO,,,71,
7109,2020-12-16 00:01:32.724115+00,2020-12-16 00:01:32.724128+00,,0,KABUPATEN MINAHASA TENGGARA,,,71,
7110,2020-12-16 00:01:32.726321+00,2020-12-16 00:01:32.726333+00,,0,KABUPATEN BOLAANG MONGONDOW SELATAN,,,71,
7111,2020-12-16 00:01:32.728445+00,2020-12-16 00:01:32.728457+00,,0,KABUPATEN BOLAANG MONGONDOW TIMUR,,,71,
7171,2020-12-16 00:01:32.730491+00,2020-12-16 00:01:32.730503+00,,0,KOTA MANADO,,,71,
7172,2020-12-16 00:01:32.732766+00,2020-12-16 00:01:32.73278+00,,0,KOTA BITUNG,,,71,
7173,2020-12-16 00:01:32.734813+00,2020-12-16 00:01:32.734827+00,,0,KOTA TOMOHON,,,71,
7174,2020-12-16 00:01:32.73662+00,2020-12-16 00:01:32.736633+00,,0,KOTA KOTAMOBAGU,,,71,
7201,2020-12-16 00:01:32.738389+00,2020-12-16 00:01:32.738401+00,,0,KABUPATEN BANGGAI KEPULAUAN,,,72,
7202,2020-12-16 00:01:32.740056+00,2020-12-16 00:01:32.740068+00,,0,KABUPATEN BANGGAI,,,72,
7203,2020-12-16 00:01:32.742127+00,2020-12-16 00:01:32.742141+00,,0,KABUPATEN MOROWALI,,,72,
7204,2020-12-16 00:01:32.744346+00,2020-12-16 00:01:32.744359+00,,0,KABUPATEN POSO,,,72,
7205,2020-12-16 00:01:32.746736+00,2020-12-16 00:01:32.746749+00,,0,KABUPATEN DONGGALA,,,72,
7206,2020-12-16 00:01:32.749282+00,2020-12-16 00:01:32.749294+00,,0,KABUPATEN TOLI-TOLI,,,72,
7207,2020-12-16 00:01:32.751227+00,2020-12-16 00:01:32.75124+00,,0,KABUPATEN BUOL,,,72,
7208,2020-12-16 00:01:32.75321+00,2020-12-16 00:01:32.753222+00,,0,KABUPATEN PARIGI MOUTONG,,,72,
7209,2020-12-16 00:01:32.755275+00,2020-12-16 00:01:32.755289+00,,0,KABUPATEN TOJO UNA-UNA,,,72,
7210,2020-12-16 00:01:32.757411+00,2020-12-16 00:01:32.757424+00,,0,KABUPATEN SIGI,,,72,
7211,2020-12-16 00:01:32.759241+00,2020-12-16 00:01:32.759254+00,,0,KABUPATEN BANGGAI LAUT,,,72,
7212,2020-12-16 00:01:32.760916+00,2020-12-16 00:01:32.760928+00,,0,KABUPATEN MOROWALI UTARA,,,72,
7271,2020-12-16 00:01:32.762546+00,2020-12-16 00:01:32.762557+00,,0,KOTA PALU,,,72,
7301,2020-12-16 00:01:32.764197+00,2020-12-16 00:01:32.764209+00,,0,KABUPATEN KEPULAUAN SELAYAR,,,73,
7302,2020-12-16 00:01:32.765885+00,2020-12-16 00:01:32.765897+00,,0,KABUPATEN BULUKUMBA,,,73,
7303,2020-12-16 00:01:32.767948+00,2020-12-16 00:01:32.767961+00,,0,KABUPATEN BANTAENG,,,73,
7304,2020-12-16 00:01:32.769997+00,2020-12-16 00:01:32.77001+00,,0,KABUPATEN JENEPONTO,,,73,
7305,2020-12-16 00:01:32.772107+00,2020-12-16 00:01:32.772119+00,,0,KABUPATEN TAKALAR,,,73,
7306,2020-12-16 00:01:32.77407+00,2020-12-16 00:01:32.774082+00,,0,KABUPATEN GOWA,,,73,
7307,2020-12-16 00:01:32.775864+00,2020-12-16 00:01:32.775875+00,,0,KABUPATEN SINJAI,,,73,
7308,2020-12-16 00:01:32.777977+00,2020-12-16 00:01:32.777989+00,,0,KABUPATEN MAROS,,,73,
7309,2020-12-16 00:01:32.779767+00,2020-12-16 00:01:32.77978+00,,0,KABUPATEN PANGKAJENE DAN KEPULAUAN,,,73,
7310,2020-12-16 00:01:32.781535+00,2020-12-16 00:01:32.781547+00,,0,KABUPATEN BARRU,,,73,
7311,2020-12-16 00:01:32.783958+00,2020-12-16 00:01:32.783971+00,,0,KABUPATEN BONE,,,73,
7312,2020-12-16 00:01:32.785764+00,2020-12-16 00:01:32.785777+00,,0,KABUPATEN SOPPENG,,,73,
7313,2020-12-16 00:01:32.787573+00,2020-12-16 00:01:32.787585+00,,0,KABUPATEN WAJO,,,73,
7314,2020-12-16 00:01:32.789497+00,2020-12-16 00:01:32.789509+00,,0,KABUPATEN SIDENRENG RAPPANG,,,73,
7315,2020-12-16 00:01:32.791372+00,2020-12-16 00:01:32.791384+00,,0,KABUPATEN PINRANG,,,73,
7316,2020-12-16 00:01:32.793273+00,2020-12-16 00:01:32.793284+00,,0,KABUPATEN ENREKANG,,,73,
7317,2020-12-16 00:01:32.795245+00,2020-12-16 00:01:32.795258+00,,0,KABUPATEN LUWU,,,73,
7318,2020-12-16 00:01:32.797229+00,2020-12-16 00:01:32.797241+00,,0,KABUPATEN TANA TORAJA,,,73,
7322,2020-12-16 00:01:32.798979+00,2020-12-16 00:01:32.798991+00,,0,KABUPATEN LUWU UTARA,,,73,
7325,2020-12-16 00:01:32.800801+00,2020-12-16 00:01:32.800813+00,,0,KABUPATEN LUWU TIMUR,,,73,
7326,2020-12-16 00:01:32.802518+00,2020-12-16 00:01:32.802529+00,,0,KABUPATEN TORAJA UTARA,,,73,
7371,2020-12-16 00:01:32.804122+00,2020-12-16 00:01:32.804133+00,,0,KOTA MAKASSAR,,,73,
7372,2020-12-16 00:01:32.805843+00,2020-12-16 00:01:32.805855+00,,0,KOTA PAREPARE,,,73,
7373,2020-12-16 00:01:32.807642+00,2020-12-16 00:01:32.807655+00,,0,KOTA PALOPO,,,73,
7401,2020-12-16 00:01:32.8094+00,2020-12-16 00:01:32.809412+00,,0,KABUPATEN BUTON,,,74,
7402,2020-12-16 00:01:32.811085+00,2020-12-16 00:01:32.811097+00,,0,KABUPATEN MUNA,,,74,
7403,2020-12-16 00:01:32.812804+00,2020-12-16 00:01:32.812815+00,,0,KABUPATEN KONAWE,,,74,
7404,2020-12-16 00:01:32.814454+00,2020-12-16 00:01:32.814466+00,,0,KABUPATEN KOLAKA,,,74,
7405,2020-12-16 00:01:32.817015+00,2020-12-16 00:01:32.817046+00,,0,KABUPATEN KONAWE SELATAN,,,74,
7406,2020-12-16 00:01:32.81995+00,2020-12-16 00:01:32.819981+00,,0,KABUPATEN BOMBANA,,,74,
7407,2020-12-16 00:01:32.822754+00,2020-12-16 00:01:32.822781+00,,0,KABUPATEN WAKATOBI,,,74,
7408,2020-12-16 00:01:32.825529+00,2020-12-16 00:01:32.825556+00,,0,KABUPATEN KOLAKA UTARA,,,74,
7409,2020-12-16 00:01:32.828587+00,2020-12-16 00:01:32.828613+00,,0,KABUPATEN BUTON UTARA,,,74,
7410,2020-12-16 00:01:32.831522+00,2020-12-16 00:01:32.831547+00,,0,KABUPATEN KONAWE UTARA,,,74,
7411,2020-12-16 00:01:32.834356+00,2020-12-16 00:01:32.834371+00,,0,KABUPATEN KOLAKA TIMUR,,,74,
7412,2020-12-16 00:01:32.837227+00,2020-12-16 00:01:32.83724+00,,0,KABUPATEN KONAWE KEPULAUAN,,,74,
7413,2020-12-16 00:01:32.839712+00,2020-12-16 00:01:32.839735+00,,0,KABUPATEN MUNA BARAT,,,74,
7414,2020-12-16 00:01:32.842696+00,2020-12-16 00:01:32.84271+00,,0,KABUPATEN BUTON TENGAH,,,74,
7415,2020-12-16 00:01:32.845102+00,2020-12-16 00:01:32.845116+00,,0,KABUPATEN BUTON SELATAN,,,74,
7471,2020-12-16 00:01:32.847742+00,2020-12-16 00:01:32.847756+00,,0,KOTA KENDARI,,,74,
7472,2020-12-16 00:01:32.850383+00,2020-12-16 00:01:32.850397+00,,0,KOTA BAUBAU,,,74,
7501,2020-12-16 00:01:32.853094+00,2020-12-16 00:01:32.853108+00,,0,KABUPATEN BOALEMO,,,75,
7502,2020-12-16 00:01:32.855629+00,2020-12-16 00:01:32.855643+00,,0,KABUPATEN GORONTALO,,,75,
7503,2020-12-16 00:01:32.857907+00,2020-12-16 00:01:32.857919+00,,0,KABUPATEN POHUWATO,,,75,
7504,2020-12-16 00:01:32.860431+00,2020-12-16 00:01:32.860445+00,,0,KABUPATEN BONE BOLANGO,,,75,
7505,2020-12-16 00:01:32.863031+00,2020-12-16 00:01:32.863046+00,,0,KABUPATEN GORONTALO UTARA,,,75,
7571,2020-12-16 00:01:32.865788+00,2020-12-16 00:01:32.865801+00,,0,KOTA GORONTALO,,,75,
7601,2020-12-16 00:01:32.868418+00,2020-12-16 00:01:32.868432+00,,0,KABUPATEN MAJENE,,,76,
7602,2020-12-16 00:01:32.87101+00,2020-12-16 00:01:32.871026+00,,0,KABUPATEN POLEWALI MANDAR,,,76,
7603,2020-12-16 00:01:32.873242+00,2020-12-16 00:01:32.873255+00,,0,KABUPATEN MAMASA,,,76,
7604,2020-12-16 00:01:32.875514+00,2020-12-16 00:01:32.875526+00,,0,KABUPATEN MAMUJU,,,76,
7605,2020-12-16 00:01:32.878+00,2020-12-16 00:01:32.878016+00,,0,KABUPATEN MAMUJU UTARA,,,76,
7606,2020-12-16 00:01:32.880739+00,2020-12-16 00:01:32.880752+00,,0,KABUPATEN MAMUJU TENGAH,,,76,
8101,2020-12-16 00:01:32.883497+00,2020-12-16 00:01:32.883512+00,,0,KABUPATEN MALUKU TENGGARA BARAT,,,81,
8102,2020-12-16 00:01:32.885871+00,2020-12-16 00:01:32.885883+00,,0,KABUPATEN MALUKU TENGGARA,,,81,
8103,2020-12-16 00:01:32.888513+00,2020-12-16 00:01:32.888536+00,,0,KABUPATEN MALUKU TENGAH,,,81,
8104,2020-12-16 00:01:32.891781+00,2020-12-16 00:01:32.891801+00,,0,KABUPATEN BURU,,,81,
8105,2020-12-16 00:01:32.894991+00,2020-12-16 00:01:32.895007+00,,0,KABUPATEN KEPULAUAN ARU,,,81,
8106,2020-12-16 00:01:32.897931+00,2020-12-16 00:01:32.897946+00,,0,KABUPATEN SERAM BAGIAN BARAT,,,81,
8107,2020-12-16 00:01:32.900235+00,2020-12-16 00:01:32.900249+00,,0,KABUPATEN SERAM BAGIAN TIMUR,,,81,
8108,2020-12-16 00:01:32.90258+00,2020-12-16 00:01:32.902594+00,,0,KABUPATEN MALUKU BARAT DAYA,,,81,
8109,2020-12-16 00:01:32.904827+00,2020-12-16 00:01:32.904841+00,,0,KABUPATEN BURU SELATAN,,,81,
8171,2020-12-16 00:01:32.907105+00,2020-12-16 00:01:32.90712+00,,0,KOTA AMBON,,,81,
8172,2020-12-16 00:01:32.909821+00,2020-12-16 00:01:32.909836+00,,0,KOTA TUAL,,,81,
8201,2020-12-16 00:01:32.912433+00,2020-12-16 00:01:32.912448+00,,0,KABUPATEN HALMAHERA BARAT,,,82,
8202,2020-12-16 00:01:32.915082+00,2020-12-16 00:01:32.915097+00,,0,KABUPATEN HALMAHERA TENGAH,,,82,
8203,2020-12-16 00:01:32.917477+00,2020-12-16 00:01:32.917491+00,,0,KABUPATEN KEPULAUAN SULA,,,82,
8204,2020-12-16 00:01:32.919992+00,2020-12-16 00:01:32.920006+00,,0,KABUPATEN HALMAHERA SELATAN,,,82,
8205,2020-12-16 00:01:32.922354+00,2020-12-16 00:01:32.922369+00,,0,KABUPATEN HALMAHERA UTARA,,,82,
8206,2020-12-16 00:01:32.92492+00,2020-12-16 00:01:32.924934+00,,0,KABUPATEN HALMAHERA TIMUR,,,82,
8207,2020-12-16 00:01:32.927942+00,2020-12-16 00:01:32.927957+00,,0,KABUPATEN PULAU MOROTAI,,,82,
8208,2020-12-16 00:01:32.930598+00,2020-12-16 00:01:32.930612+00,,0,KABUPATEN PULAU TALIABU,,,82,
8271,2020-12-16 00:01:32.93311+00,2020-12-16 00:01:32.933124+00,,0,KOTA TERNATE,,,82,
8272,2020-12-16 00:01:32.935616+00,2020-12-16 00:01:32.935631+00,,0,KOTA TIDORE KEPULAUAN,,,82,
9101,2020-12-16 00:01:32.938452+00,2020-12-16 00:01:32.938467+00,,0,KABUPATEN FAKFAK,,,91,
9102,2020-12-16 00:01:32.94113+00,2020-12-16 00:01:32.941145+00,,0,KABUPATEN KAIMANA,,,91,
9103,2020-12-16 00:01:32.943893+00,2020-12-16 00:01:32.943908+00,,0,KABUPATEN TELUK WONDAMA,,,91,
9104,2020-12-16 00:01:32.946614+00,2020-12-16 00:01:32.946629+00,,0,KABUPATEN TELUK BINTUNI,,,91,
9105,2020-12-16 00:01:32.949618+00,2020-12-16 00:01:32.949632+00,,0,KABUPATEN MANOKWARI,,,91,
9106,2020-12-16 00:01:32.95222+00,2020-12-16 00:01:32.952235+00,,0,KABUPATEN SORONG SELATAN,,,91,
9107,2020-12-16 00:01:32.954699+00,2020-12-16 00:01:32.954713+00,,0,KABUPATEN SORONG,,,91,
9108,2020-12-16 00:01:32.95715+00,2020-12-16 00:01:32.957164+00,,0,KABUPATEN RAJA AMPAT,,,91,
9109,2020-12-16 00:01:32.959847+00,2020-12-16 00:01:32.959862+00,,0,KABUPATEN TAMBRAUW,,,91,
9110,2020-12-16 00:01:32.962344+00,2020-12-16 00:01:32.962358+00,,0,KABUPATEN MAYBRAT,,,91,
9111,2020-12-16 00:01:32.964941+00,2020-12-16 00:01:32.964955+00,,0,KABUPATEN MANOKWARI SELATAN,,,91,
9112,2020-12-16 00:01:32.967694+00,2020-12-16 00:01:32.967709+00,,0,KABUPATEN PEGUNUNGAN ARFAK,,,91,
9171,2020-12-16 00:01:32.970196+00,2020-12-16 00:01:32.970211+00,,0,KOTA SORONG,,,91,
9401,2020-12-16 00:01:32.972622+00,2020-12-16 00:01:32.972636+00,,0,KABUPATEN MERAUKE,,,94,
9402,2020-12-16 00:01:32.975057+00,2020-12-16 00:01:32.975072+00,,0,KABUPATEN JAYAWIJAYA,,,94,
9403,2020-12-16 00:01:32.977753+00,2020-12-16 00:01:32.977768+00,,0,KABUPATEN JAYAPURA,,,94,
9404,2020-12-16 00:01:32.980408+00,2020-12-16 00:01:32.980422+00,,0,KABUPATEN NABIRE,,,94,
9408,2020-12-16 00:01:32.982952+00,2020-12-16 00:01:32.982966+00,,0,KABUPATEN KEPULAUAN YAPEN,,,94,
9409,2020-12-16 00:01:32.985989+00,2020-12-16 00:01:32.986004+00,,0,KABUPATEN BIAK NUMFOR,,,94,
9410,2020-12-16 00:01:32.98907+00,2020-12-16 00:01:32.989085+00,,0,KABUPATEN PANIAI,,,94,
9411,2020-12-16 00:01:32.992153+00,2020-12-16 00:01:32.992168+00,,0,KABUPATEN PUNCAK JAYA,,,94,
9412,2020-12-16 00:01:32.99509+00,2020-12-16 00:01:32.995105+00,,0,KABUPATEN MIMIKA,,,94,
9413,2020-12-16 00:01:32.997666+00,2020-12-16 00:01:32.99768+00,,0,KABUPATEN BOVEN DIGOEL,,,94,
9414,2020-12-16 00:01:33.000283+00,2020-12-16 00:01:33.000298+00,,0,KABUPATEN MAPPI,,,94,
9415,2020-12-16 00:01:33.002683+00,2020-12-16 00:01:33.002697+00,,0,KABUPATEN ASMAT,,,94,
9416,2020-12-16 00:01:33.004962+00,2020-12-16 00:01:33.004977+00,,0,KABUPATEN YAHUKIMO,,,94,
9417,2020-12-16 00:01:33.007294+00,2020-12-16 00:01:33.007308+00,,0,KABUPATEN PEGUNUNGAN BINTANG,,,94,
9418,2020-12-16 00:01:33.009609+00,2020-12-16 00:01:33.009623+00,,0,KABUPATEN TOLIKARA,,,94,
9419,2020-12-16 00:01:33.011994+00,2020-12-16 00:01:33.012008+00,,0,KABUPATEN SARMI,,,94,
9420,2020-12-16 00:01:33.014436+00,2020-12-16 00:01:33.01445+00,,0,KABUPATEN KEEROM,,,94,
9426,2020-12-16 00:01:33.017511+00,2020-12-16 00:01:33.017547+00,,0,KABUPATEN WAROPEN,,,94,
9427,2020-12-16 00:01:33.020853+00,2020-12-16 00:01:33.020887+00,,0,KABUPATEN SUPIORI,,,94,
9428,2020-12-16 00:01:33.02432+00,2020-12-16 00:01:33.024354+00,,0,KABUPATEN MAMBERAMO RAYA,,,94,
9429,2020-12-16 00:01:33.027562+00,2020-12-16 00:01:33.027574+00,,0,KABUPATEN NDUGA,,,94,
9430,2020-12-16 00:01:33.029703+00,2020-12-16 00:01:33.029715+00,,0,KABUPATEN LANNY JAYA,,,94,
9431,2020-12-16 00:01:33.031922+00,2020-12-16 00:01:33.031933+00,,0,KABUPATEN MAMBERAMO TENGAH,,,94,
9432,2020-12-16 00:01:33.034258+00,2020-12-16 00:01:33.034272+00,,0,KABUPATEN YALIMO,,,94,
9433,2020-12-16 00:01:33.03657+00,2020-12-16 00:01:33.036583+00,,0,KABUPATEN PUNCAK,,,94,
9434,2020-12-16 00:01:33.040575+00,2020-12-16 00:01:33.040619+00,,0,KABUPATEN DOGIYAI,,,94,
9435,2020-12-16 00:01:33.044818+00,2020-12-16 00:01:33.044861+00,,0,KABUPATEN INTAN JAYA,,,94,
9436,2020-12-16 00:01:33.049184+00,2020-12-16 00:01:33.049228+00,,0,KABUPATEN DEIYAI,,,94,
9471,2020-12-16 00:01:33.052085+00,2020-12-16 00:01:33.052099+00,,0,KOTA JAYAPURA,,,94,
